"","Lupus","WT"
"Cnot11",0.362954519929373,-0.0461031789543812
"Il1rl1",0.467491751503287,-0.166495386745061
"Stat4",0.298352204714942,-0.261119859539672
"Stat1",0.515790672610911,-0.434604426373927
"Gls",0.231441557730252,-0.170727107289782
"Mfsd6",0.373572547037507,-0.208367375229381
"Sgo2a",0.568283095226604,0.0436293290136777
"Ica1l",0.455840758263325,-0.199875349984566
"Icos",0.389865701969372,-0.31215673562187
"Wnt10a",0.314687918704433,-0.126967723301616
"Ube2f",0.309277665594301,-0.159768000573394
"Traf3ip1",0.272213725940664,0.00127255253135647
"Atg4b",0.321804517458342,0.0673540005216611
"Pdcd1",0.547085720463184,-0.418934637938757
"Gli2",0.221456699029756,-0.0485326686095903
"Mir6346",0.323747155979376,-0.218173142539191
"Cxcr4",0.487279882316606,-0.523918485709791
"Il10",0.609105577321446,-0.444471789554778
"Mapkapk2",0.280189530791319,-0.242840921096962
"Etnk2",0.309033634477672,-0.258431418053196
"Ptprv",0.352396334850929,-0.543386237219405
"Ptpn7",0.437374955942556,-0.550114251717784
"Ptprc",0.330102169470132,-0.331529126160608
"Atp6v1g3",0.302548180172703,-0.299083544293473
"Tor1aip1",0.328430219484779,-0.0462642707724062
"Fasl",0.534216852247187,-0.289325177917067
"Dnm3os",0.268960146837912,-0.169481584020044
"Pou2f1",0.28014135921067,-0.166017321386852
"Dusp27",0.436922308953935,-0.184781916078323
"Uap1",0.287231870538941,-0.0813812257954542
"Fcgr4",0.5203196059809,-0.407943829833169
"Arhgap30",0.52540208944852,-0.485089022046997
"Itln1",2,-1.95950102349639
"Cd244a",2,-1.86195160743205
"Slamf7",0.702877787033084,-0.826859117296723
"Mir7683",0.764334796718971,-1.04902134394273
"Cd48",0.513527291207025,-0.651780036714171
"Slamf6",0.616342823943245,-0.489199688950237
"Atp1a4",0.3983145629928,0.0982608911786751
"Srp9",0.265876280358576,-0.124839860883803
"Dusp10",0.324567285275117,-0.421632789521886
"1700056E22Rik",0.380373606782224,-0.488391384040771
"Nek2",0.291325392157255,-0.315808108866255
"1700034H15Rik",0.42453064638265,-0.26666660242126
"Stx11",0.430839767792137,-0.399118022586349
"Tnfaip3",0.467854280047726,-0.234009839145308
"Calhm6",0.78304013455693,-0.418356012689536
"Fyn",0.236754736946913,-0.177899836831141
"Crybg1",0.289691756602331,-0.118610427706006
"Atg5",0.315777238761386,0.0139597546995572
"Man1a",0.333029573745724,-0.259655942922534
"Ddit4",0.219326263433471,-0.156333944386359
"Anapc16",0.288833155942103,-0.108730640864756
"Cdh23",0.201194705122033,-0.133354869255317
"Vsir",0.486293000083371,-0.478121200593649
"Gm17455",0.309072221104697,-0.195121606996448
"Slc29a3",0.280679366388639,-0.0964395283489575
"Hk1",0.217771974429388,-0.141190286253208
"Ube2d1",0.392068300552519,-0.217615313362947
"Itgb2",0.463268953807745,-0.347823293176273
"Sbno2",0.268134529309534,-0.176481101675523
"Mknk2",0.24501442889292,-0.146799984860599
"Chst11",0.202184221640326,-0.123505232609096
"Slc41a2",0.274333654212366,-0.37392199490122
"Gm20757",0.292946337482346,-0.102118101077548
"Plxnc1",0.263760839324096,-0.32166305319804
"4930459C07Rik",0.311264300629668,-0.365909145327682
"Pawr",0.26420490029919,-0.0362749309763709
"Gns",0.315339957558872,-0.183727476987055
"Stat2",0.389193867411254,-0.21840318918067
"Pik3ip1",0.465597094889116,-0.334864900794029
"Osm",0.529730380531348,-0.670879343554645
"Ikzf1",0.412969930681274,-0.47393307647828
"Lcp2",0.500659381150171,-0.297039298605062
"Dock2",0.312112462197806,-0.260133650224246
"Fam196b",0.370048750688003,-0.188582182568354
"Itk",0.334572273647617,-0.32435160507945
"Timd2",0.50247143979213,-0.685491727097355
"Havcr1",0.654675532394266,-0.633032964324666
"Ifi47",0.310869914038531,-0.264649711333377
"Tgtp2",0.557665314152867,-0.384553329240322
"Irf1",0.444667425219001,-0.457296559419448
"Tnip1",0.331222283284724,-0.242846929643495
"Igtp",0.686890609272396,-1.24772253359036
"Irgm2",0.41175805127829,-0.738299348234135
"Trpv2",0.371335992634385,-0.0439941117538877
"Stx8",0.200585579997082,-0.182612217208097
"Pik3r5",0.27871363304111,-0.428843609938273
"Per1",0.573842630493647,-0.385420024996671
"Hes7",0.418356521541713,-0.205470234297425
"Cd68",0.367792163507797,-0.0426316670329515
"Dvl2",0.242920912983035,-0.0835345413728708
"Rnf167",0.497462140168349,-0.143400291146596
"Slc25a11",0.482185983892297,-0.139587402683806
"Ccl2",0.573606687179935,-0.469972447408334
"Ccl11",0.76316952657076,-0.191538314634154
"Ccl12",0.921534725883027,-0.139820093074334
"Ccl5",0.552062885027126,-0.640307698996524
"Vmp1",0.475975731181574,-0.528021370561321
"Mir21a",0.582763411656631,-0.662756652387636
"Mir142",0.749145322858061,-1.04983717371638
"Kpnb1",0.245774343621265,-0.275189846373545
"Ikzf3",0.333400702296378,-0.253735403532819
"Zpbp2",0.414687920714532,-0.423125337370196
"Stat5b",0.273421684556867,-0.134121078800877
"Taco1",0.367748743458847,-0.480500086624075
"D11Wsu47e",0.297770490662113,-0.083183693508337
"Cdc42ep4",0.3211980501206,-0.173553382529607
"Cd300c",0.744900290709964,-0.622924764224202
"Cd300c2",0.86349500549464,-0.867148625455215
"Cd300ld4",0.93059680839872,-0.651013979794486
"Cd300lf",0.600561086584154,-0.280174329999628
"Prcd",0.372559262435651,-0.03913822480819
"1810032O08Rik",0.389479429467072,-0.211081403315397
"Socs3",0.221047149048411,-0.211330499394679
"Itsn2",0.278231031786958,-0.154464615460839
"Pfn4",0.852034954856777,-0.711128825809834
"Sf3b6",0.445766353358777,-0.467156550819008
"Fam49a",0.260751683629803,-0.130370157143335
"Lpin1",0.208941822116866,0.0875629991914552
"Rock2",0.275928808648768,-0.203586257792133
"Pqlc3",0.555510838875822,-0.735535526082035
"2410004P03Rik",0.415689632279188,-0.664866898655671
"Nol10",0.338376145575746,-0.0944693484972641
"Mir3066",0.322796943610398,-0.0517599690742341
"Trappc12",0.328148794287779,-0.251723927094206
"Sntg2",0.344467441872525,-0.163415834379265
"Pik3cg",0.44026744487254,-0.278136252962684
"Psma6",0.407967544438967,-0.33440536300774
"Nfkbia",0.361806304950826,-0.473000694899607
"Mdga2",0.381611177683727,-0.298959846681767
"Vcpkmt",0.255429118438145,-0.126814553664818
"L3hypdh",0.325250025086768,-0.0259271071785484
"Map3k9",0.265916412834677,-0.16209567114365
"Ltbp2",0.263445138969603,-0.292702995913787
"Fos",0.229815558939548,-0.188254677244153
"Batf",0.35456425228519,-0.308730705491381
"Alkbh1",0.395582001076224,-0.161380109368009
"Gm5662",0.867624159963754,-0.648021896221516
"Kcnk10",0.29763952648439,-0.245875786135423
"Dglucy",0.292605774928368,0.146889118121905
"Serpina3a",1.04693609179186,-0.325857312127667
"Serpina3b",0.910811088999047,-0.359524951161681
"Serpina3f",0.7283012655009,-0.91706237664636
"Serpina3h",0.746206868301017,-0.763851595444134
"Serpina3i",0.691190704303155,-0.908228019361119
"4930465M20Rik",0.312364605366248,-0.0142522648552759
"Wdr25",0.227702633257644,-0.203264060784913
"Adssl1",0.44313954476941,-0.411892965841135
"Gpr132",0.316482138473571,-0.210389086714011
"1700016G22Rik",0.351943737753291,-0.245148413048858
"Gtpbp4",0.439741273372573,-0.446576741709481
"Larp4b",0.359943752684119,-0.183502165970032
"Mplkip",0.342428831841026,-0.245936628454915
"4931429P17Rik",0.431431221339027,0.0451588999791003
"Susd3",0.422743393095377,-0.0837701393296705
"Gadd45g",0.222916851711473,-0.115073717289992
"Syk",0.398793391435653,-0.335183321558651
"BB123696",0.436028237135606,-0.463232976935262
"Tifab",0.540242039834696,-0.352561241354439
"Irx1",0.358970990113436,-0.189527472671442
"Slc6a18",0.401227491622089,-0.181751367719007
"Naip1",0.582888406653945,-0.506334686304557
"Ccl28",0.495494688456748,-0.404694503066738
"Hmgcs1",0.326697442794121,-0.209465326425886
"Zfp131",0.361074982065861,-0.167833323048515
"AF067061",1.14962874185093,-1.09780689943127
"Il3ra",0.640060696780784,-0.752107974353175
"Gng2",0.384107110841863,-0.159464801072037
"Tmem110",0.327202048374771,-0.264199753040365
"Tspan14",0.269901470948918,-0.262219194467062
"Ptger2",0.561272584226057,-0.150202368206548
"Mapk1ip1l",0.373548811486301,-0.0805016406389589
"Lgals3",0.375799682591813,-0.00466323589835742
"4930447J18Rik",0.257163974661331,-0.355934724077371
"Tep1",0.346441185075339,-0.298781706990065
"Thtpa",0.273812367876343,-0.0863942698718106
"Rnf31",0.369841107423364,-0.386600733176071
"Psme2",0.324507799128696,-0.405980145110533
"Irf9",0.404377165498554,-0.28445246579295
"Extl3",0.231224244426596,-0.154369428099798
"4930438E09Rik",0.431194268491487,-0.28108405829989
"Slc39a14",0.439364359633125,-0.409861517764745
"Rubcnl",0.528465495528744,-0.636600259636969
"Gpr18",0.355902058936024,-0.117763853376657
"Ptger4",0.397919412062121,-0.414334929593206
"Fyb",0.450338804753626,-0.47891589781362
"Il7r",0.614161029175398,-0.385713319110821
"Otulinl",0.500041323954996,-0.283262485522911
"Gm19510",0.278957837243055,-0.336538626862418
"Fam49b",0.272763036863562,-0.317828909921175
"Tg",0.320449351786694,-0.353337174479971
"Sla",0.555660637605408,-0.590291837714523
"Zfat",0.291360094105781,-0.150950640013946
"Adgrb1",0.340366394688132,-0.238140875847921
"Ly6e",0.35039530766532,-0.427925455245136
"Ncf4",0.537594586359474,-0.584491993085341
"Rac2",0.498563765110361,-0.367602470416553
"Cyth4",0.285311044831809,-0.329564287349769
"Pla2g6",0.242021163293771,-0.0723706700988187
"Grap2",0.514294204618695,-0.21817272717035
"Polr3h",0.588775527067128,-0.480168393078449
"Pim3",0.228646277253161,-0.24978674195389
"Adamts20",0.331807563161222,-0.132336383894672
"Slc38a1",0.327209215288403,-0.118180905187198
"Slc38a2",0.248178376392215,-0.274307356505979
"Pced1b",0.329727666728775,-0.333212875177313
"Tvp23a",0.42148344669496,-0.32560234607839
"Ciita",0.448127544328956,-0.330010361203809
"Socs1",0.557528490831386,-0.39966876446
"Mpv17l",0.407893506111085,-0.144519646526859
"Spidr",0.372184427746188,-0.500356594687067
"C730014E05Rik",0.44904341698776,-0.306345388875619
"St6gal1",0.225531581301986,-0.395229105606094
"Parp14",0.387713455331927,-0.426517476485164
"Cd86",0.449428423569151,-0.303813332824346
"Tigit",0.627795310717636,-0.700847944490805
"Cd47",0.269429673586559,-0.122243568668003
"Alcam",0.256320171785465,-0.0799896562792944
"Nfkbiz",0.363262001886038,-0.261645602300575
"4930578N18Rik",0.342558916499634,-0.213855167846898
"Ltn1",0.362221925268308,0.0457976818848013
"Eva1c",0.26913000693126,-0.179840078719555
"Runx1",0.260428983891535,-0.336937991189089
"Chaf1b",0.477968661656181,-0.215550489779746
"Tagap",0.323985833234983,-0.295935276808285
"Ccr6",0.507902885390739,-0.189120864847484
"Lnpep",0.302487144507026,-0.216362994509246
"Hcfc1r1",0.369484584275543,-0.009202296039429
"Thoc6",0.418057281410822,-0.0124069156485383
"Cldn6",0.434527459387768,-0.106855248377288
"Tnfrsf12a",0.55069660253986,-0.162992393756814
"Cldn9",0.429930433436332,-0.248449655673708
"Pkmyt1",0.350590122494511,-0.0200053082662954
"Flywch2",0.489211561605507,0.164131301961233
"Dusp1",0.200606341519308,-0.175379769327477
"Itpr3",0.260688422820379,-0.366218644287886
"Hmga1",0.483332081279573,-0.411661835530187
"Fkbp5",0.527794307340347,-0.691494020495654
"Armc12",0.520584882709255,-0.463044125851384
"Btbd9",0.295204060161355,-0.234775037475826
"Gm6402",0.343550945279404,-0.326997274235968
"Glo1",0.949513270135392,-0.848628633522824
"Dnah8",1.0929124830431,-1.01162015482241
"1700097N02Rik",1.06696702266257,-1.03952468735045
"Glp1r",0.708776842010901,-0.981870999975207
"Sik1",0.236977291580725,-0.167285465799485
"Myo1f",0.431257448719743,-0.466920952658958
"Tap1",0.549297670121184,-0.539805964076817
"Psmb8",0.850492099848343,-0.709916757565797
"Tap2",0.684179946575878,-0.456539137610778
"Notch4",0.334908288690203,-0.33883326430859
"H2-Ob",0.576670343580844,-0.514608108951999
"H2-Ab1",0.874130215731065,-0.813122965219564
"H2-Eb1",0.630562350055002,-0.535068781044592
"H2-Aa",0.415033372530109,-0.612274404695506
"H2-Eb2",0.787030692944902,-0.435521725985586
"H2-Ea-ps",1.15618990478408,-0.990245709438955
"C4b",0.518687740027668,-0.199283937652835
"C4a",0.38928056842893,-0.257028753911109
"Stk19",0.363937292787669,-0.350912692309504
"Vars",0.368958789668869,-0.443492629412404
"D17H6S56E-5",0.511308432714926,-0.438527553653614
"Aif1",0.479812648699086,-0.710056427636665
"Lst1",0.753828520422376,-0.805709213422739
"Ltb",0.856942369001272,-0.764007854327527
"Mir6973a",0.851331274109479,-0.772899472340473
"Tnf",0.505770427524769,-0.693751973590239
"Mir6975",0.37423827010327,-0.227803411953368
"H2-D1",0.358341910354164,-0.316828848484512
"Ier3",0.40683618620579,-0.210063590289806
"Flot1",0.312109247756992,-0.0553317601824651
"A930015D03Rik",0.67052638456825,-0.625068206947628
"H2-T24",0.8346996790121,-0.825527702171088
"H2-T23",0.536902201833008,-0.355768633445043
"Gm6034",0.686048582060949,-0.538487142067877
"H2-T22",0.686725128847406,-0.546898689151761
"H2-T9",0.442070409060604,-0.367177078915163
"H2-T-ps",0.543695202321928,-0.226404521384326
"2410017I17Rik",0.572432098250276,-0.464052803537077
"Esp34",0.584798454497739,-0.87795403853557
"Esp31",0.570417420458005,-0.33616723317493
"Crisp1",0.67520957826725,-0.5863519941987
"Enpp4",0.497774707873425,-0.216507234557984
"Nfkbie",0.350249347091734,-0.281760392610299
"Nfya",0.271474483550783,-0.104374595133002
"Oard1",0.331458523111838,-0.15453685718654
"Rftn1",0.308304825110709,-0.347207951949498
"AY702103",0.46919267203478,-0.117580219923731
"Stap2",0.499628086858644,-0.219217005620065
"Mpnd",0.402258670037074,-0.316165587600153
"Sh3gl1",0.391451639433612,-0.20233453235724
"Plin4",0.449011670310697,0.00976645828873262
"Plin5",0.460476725427096,-0.17440403015681
"Tnfaip8l1",0.338691998916738,-0.18379709045232
"Fem1a",0.322849496986004,-0.102520001160868
"Ticam1",0.292708295143366,-0.0756218608653448
"Kdm4b",0.22566385255845,-0.198691402270785
"Dus3l",0.332741384766767,-0.0269328291332948
"C3",0.414747379443706,-0.264028060785005
"Mir6978",0.471348803200258,-0.417556732487374
"Gpr108",0.385880059161458,-0.22474430566349
"Trip10",0.259014073677977,-0.191234635402151
"Vav1",0.430148791271099,-0.233246390527826
"Vapa",0.298651662411462,-0.163498363960292
"Xdh",0.231982719363537,-0.314118525809243
"Jcad",0.252935804295461,-0.08345126406577
"Sap130",0.524948831301787,-0.733435141171658
"Fam13b",0.303947791821274,-0.271569279410802
"Spata24",0.511960013470154,0.0154836550184629
"Mospd4",0.424650266783776,-0.143422055839653
"Csnk1g3",0.281398955902979,-0.130460012704428
"Ccdc192",0.676822197303734,-0.773187616772832
"2210409D07Rik",1.12344096432373,-1.08905519590907
"Gm19519",0.569492489758421,-0.662079758850006
"Cd74",0.867972060265877,-0.927464665323277
"Mir5107",0.734303948669366,-0.740767430411455
"Gm9949",0.53595025973453,-0.0205231044940107
"Adrb2",0.396767143681454,-0.118890224345638
"Napg",0.410600465310186,-0.237852169859012
"Alpk2",0.276882252865466,-0.255830592461005
"Tubb6",0.396648096471568,-0.0571700805346654
"Zfp236",0.277705937523948,-0.0584793467616903
"Acy3",0.325786020762028,-0.210394509524019
"Ptprcap",0.379465360228315,-0.118459138908749
"Grk2",0.267656610428291,-0.157532465702417
"Ppp2r5b",0.330761046692296,0.0905666654422626
"Fkbp2",0.387389063911033,-0.180449722515101
"Fth1",0.290412685659029,-0.219898465281402
"A430093F15Rik",0.480788955699872,-0.180768141656638
"Cd6",0.607658547212481,-0.579565815830971
"AW112010",0.823249997624879,-0.653555095781766
"1700017D01Rik",0.662825768998158,-0.743297210464456
"Ms4a4a",1.0578687493064,-0.7824571516029
"Ms4a6c",0.799381460019938,-0.681861286589743
"Gm8369",1.25544961376893,-0.678268565531379
"Ms4a4d",0.810335709407937,-1.15229108875484
"Ms4a6d",0.80997473152948,-0.98186016869141
"Keg1",0.700576537828094,-0.658237040533817
"Olfr1480",0.899047417904062,-0.522701294857876
"Aldh1a7",0.514047667147218,-0.136611917351025
"Pdcd1lg2",0.390227581527921,-0.184375559746141
"Pten",0.267960331450557,-0.231765821658771
"Ifit1bl2",0.535528736482974,-0.416020527628367
"Pcgf5",0.235017848215517,-0.0551165364048629
"Dntt",0.611608771632489,0.237705898312004
"Pik3ap1",0.603076729189204,-0.584828161952902
"Dpcd",0.421953078209958,-0.0618071525695297
"Itprip",0.281198431379773,-0.33145841529721
"Cfap58",0.351470167044748,-0.115981070181898
"Sorcs1",0.481210356019097,-0.269828025697834
"Acsl5",0.427411179791089,-0.166559387246155
"Ccdc172",0.333847237264599,-0.0601494501687757
"Gm10857",0.49725579954829,-0.163352531409195
"Mir297a-2",1.38374024187147,0.443847848302745
"Apbb1ip",0.422827614850815,-0.256057152223903
"Ptgds",0.394552550285701,-0.321104791943518
"Traf2",0.293095257517862,-0.306403109725004
"Ralgds",0.422335914431291,-0.322507706701644
"Ggta1",0.399817045395962,-0.541054485354474
"Nek6",0.221365391784074,-0.144872762193778
"Mettl8",0.265580347377124,-0.277854696808578
"Itga4",0.458554417750573,-0.351037706616026
"Frzb",0.906814750702787,-0.747302881290156
"Spi1",0.36721424437257,-0.328164064023897
"Nutm1",0.594533086021066,-0.0725426900608613
"Nop10",0.943658262363967,0.154885686253526
"D330050G23Rik",0.340509877041742,-0.175935128275405
"Bub1b",0.297318109308381,-0.0859279307314517
"Patl2",0.384897348117711,-0.384021826320867
"B2m",0.636717808175089,-0.521693823195887
"Slc27a2",0.304864543793179,-0.0667356886792609
"Dusp2",0.513075822474857,-0.819339111867653
"Rassf2",0.576473771691606,-0.342284023526598
"Rrbp1",0.238328987194353,-0.204527496599154
"Hck",0.408482648197189,-0.350716553023627
"Plagl2",0.406618947531024,-0.35994386935729
"Samhd1",0.483627765813642,-0.260471317867162
"Ttpal",0.448452995502952,-0.292162993840685
"Pkig",0.34106949403803,-0.222004683920164
"Pltp",0.346664209942631,-0.183702293308627
"Trp53rkb",0.330380286504805,-0.230659367858855
"B4galt5",0.291123409443665,-0.269349317736097
"A530013C23Rik",0.300901589639543,-0.381309498110707
"Ptpn1",0.374871422310165,-0.488388181761578
"Atp9a",0.234869559318525,-0.187302151273309
"Ctsz",0.419901940334,-0.225250197085706
"Edn3",0.385480973505943,-0.193728868099779
"Sycp2",0.580660324688255,0.046724022509835
"Tpd52",0.230261755780784,-0.11610175247773
"Skil",0.310951078636829,-0.237372371755382
"Ttc14",0.483010686974926,-0.4182499078641
"Dnajc19",0.3728033832592,-0.206230037201006
"Il21",0.413260938129831,0.0299758840203659
"Slc7a11",0.361439258293853,-0.275265231802071
"Rap2b",0.328493879224835,-0.327448216111475
"Gm1647",0.331769346297821,-0.243906207176988
"Etfdh",0.440586943234415,-0.063836081207375
"Tlr2",0.645457281412585,-0.400190405360413
"Tmem154",0.305616632274158,-0.351113777799705
"Fbxw7",0.231583428944968,-0.122088335845819
"Il6ra",0.30423296178352,-0.245479784974362
"Tdpoz4",1.58449808096935,-1.29350801717903
"Mllt11",0.303287904171385,-0.155922895110849
"Cdc42se1",0.357853766734736,-0.228050565469431
"Mcl1",0.352845160522249,-0.248776663146002
"Adamtsl4",0.287927261609325,-0.318416459307143
"Fcgr1",0.72066514805173,0.208484096307538
"Gm5544",0.328553733752997,-0.249157066077318
"4930406D18Rik",0.400563907920071,-0.439562153571865
"Cd101",0.54953878096347,-0.355718459303584
"Cd2",0.311991750341202,-0.193232714494501
"Olfml3",0.478389556182361,-0.229208353935358
"Hipk1",0.557563714266684,-0.403081546522724
"Gm15471",0.621136544819918,-0.63650413718459
"Dclre1b",0.603361077463802,-0.613947052770392
"Bcl2l15",0.591162878148345,-0.600306092220326
"Ptpn22",0.511359203144113,-0.463895318863189
"Gm5547",0.461249611009172,-0.438883183059872
"Tmigd3",0.290893025926252,-0.208994043728136
"Kcna3",0.532624149274285,-0.196107993308996
"AI504432",0.614470762393605,-0.218083105172331
"Tmem167b",0.505309646804823,-0.227658754686562
"Ugt8a",0.391058745941979,-0.227974785918484
"Lef1",0.47685385091599,-0.0593127282390529
"Adh5",0.40695386374817,-0.200550650827354
"Bmpr1b",0.239702279537523,-0.0773171938683428
"Gbp2b",0.491242605393319,-0.652656544643634
"Gbp3",0.651976966171178,-0.748649064204296
"Sh3glb1",0.348119432582079,-0.0589066101661506
"Wdr63",0.331978031670085,-0.324370513763886
"Mcoln2",0.34468683911423,-0.115984371317545
"Chchd7",0.328322053679195,-0.358903230913817
"Gabrr1",0.483308055384146,0.0989090040269599
"B4galt1",0.254391904324123,-0.347586693740424
"Bag1",0.369802540962717,0.141472114980133
"Chmp5",0.437457810457277,0.020138488227453
"Ccdc107",0.386694225568779,-0.018814005932906
"Coro2a",0.556290600364956,-0.520167321009948
"Tgfbr1",0.26327146527042,-0.253612787240874
"Gm2083",1.29282766698451,-1.23180828148255
"Bspry",0.82732817075959,-0.646653730501081
"Hdhd3",1.5638377577999,-1.48003322222799
"Alad",1.27048450242565,-1.2268990414463
"4933430I17Rik",0.901516136236199,-0.918141290369309
"Akna",0.467241017125032,-0.479122191539703
"Ttc39b",0.304624494788139,-0.270391011320901
"Gm11413",0.486119445279663,-0.346144051642128
"Acer2",0.292988625184356,-0.152666417920584
"Cyp2j12",0.587812833766511,-0.0961050846515584
"Leprot",0.296344996664961,-0.0800845620479628
"Tmem69",0.396494528459402,0.0133793146369098
"Cldn19",0.406823626510513,-0.437805186537377
"Ybx1",0.364525845223386,-0.141079371974412
"Cap1",0.340186219796711,-0.205770201372256
"Mfsd2a",0.513880759295698,-0.253738882885531
"Trit1",0.318346147357153,0.0556628606962727
"Zc3h12a",0.271272679849705,-0.440558247251783
"Ak2",0.271987100448399,-0.10978721833167
"Laptm5",0.370956441831235,-0.37750817258752
"Themis2",0.442949383323354,-0.4885748943056
"Gpr3",0.378468116434554,0.0664748164236984
"Rps6ka1",0.250378040997313,-0.192348138292265
"Runx3",0.348879751131928,-0.354933830559664
"Efhd2",0.347231757003027,-0.355689501908835
"Fhad1",0.311588348865011,-0.2481195644598
"Tnfrsf1b",0.35568615721638,-0.271359068024424
"Agtrap",0.377388071575093,-0.433182026597596
"Angptl7",0.339292797834482,-0.229479064811068
"Lrrc47",0.416925985374966,-0.204020726774877
"Tnfrsf14",0.342447022623987,-0.475871039271776
"Cdk6",0.400836803296057,-0.279553620795187
"Dbf4",0.510945676506438,-0.130562482057966
"A630072M18Rik",0.372581168889958,-0.129070027605663
"Ccdc146",0.324843348261978,-0.32048641056064
"Fgl2",0.497028912547085,-0.439576690183416
"Rbks",0.311270167435918,-0.0113164812300553
"Zfyve28",0.296058835426105,-0.119020135733422
"Sh3bp2",0.351036499722055,-0.23450546876437
"Wdr1",0.336796210536808,-0.126422367029989
"Lap3",0.368389847876462,-0.254638128900778
"Tec",0.21603973978538,-0.0765858036139008
"Sult1d1",0.531376830352601,-0.35004845574298
"Cxcl1",0.436733627455238,-0.471723831899023
"Rasgef1b",0.359864997774879,-0.308733977475421
"Hnrnpdl",0.36073176962828,-0.0331189137618289
"Plac8",0.55225266075558,-0.337073618853354
"Coq2",0.475269109223899,-0.321795125668995
"Abcg3",0.519816847823045,-0.508496849971203
"Gbp10",0.765666468945028,-0.565553059888018
"Gbp6",0.843664201991587,-0.795315734865189
"Tpst2",0.33041298116957,-0.290998399305123
"Ankrd13a",0.413360973779058,-0.375099097500271
"4930515G01Rik",0.455934031820043,-0.460908748524438
"Mlec",0.261986098153169,-0.13549846345975
"Slc15a4",0.351145827123508,0.0983931723352659
"Glt1d1",0.300860332038475,-0.0870443875045797
"Limk1",0.253945913301721,-0.0642028272032928
"Orai2",0.4252352021518,-0.240510932549093
"Plod3",0.379993155716571,0.0352962496887026
"Znhit1",0.428728332013163,0.000148668776968046
"Ttyh3",0.221178371153824,-0.162900621499996
"Cyp3a41a",0.53761767273764,-0.528524633819194
"Gm6370",1.33235384076161,-0.836880179382069
"4930449I24Rik",1.94905819611879,-1.13367068359908
"Gm3404",1.01289714707854,-1.63339951512945
"Glcci1",0.32130776859848,-0.202366908962154
"A430035B10Rik",0.454277072388732,-0.165098691527378
"Capza2",0.40566752115532,-0.0976230586560255
"Irf5",0.373719793534519,-0.223404066761483
"Mir29b-1",0.346863313320413,-0.00873534568577271
"Zc3hav1",0.426688518229955,-0.544825134517446
"Slc37a3",0.247777141400269,-0.167492991135894
"Dennd2a",0.25448563157714,-0.164937115344057
"Gimap3",0.435708383233698,-0.40931577545851
"Tmem176b",0.29388029936043,-0.0425006481767387
"Tmem176a",0.331108722864541,0.0290957573508171
"Mturn",0.300012520204495,-0.147001264653368
"Hk2",0.300759672072396,-0.214599152074476
"Loxl3",0.385138994755047,-0.29791163872536
"Aup1",0.460206253586929,-0.114223106402544
"Htra2",0.436061475804353,-0.0493283292521562
"Dqx1",0.368660655485272,0.010005005137361
"2310040G24Rik",0.338920729548563,-0.17637608019959
"Arhgap25",0.343897068262491,-0.33862374197675
"Lsm3",0.216184543903702,-0.12932149331302
"Gt(ROSA)26Sor",0.438253028982017,-0.374801723092591
"Ninj2",0.26847718077606,-0.216792703451437
"Slc6a12",0.414127135417108,-0.29417727414686
"Clec4a3",0.57432251916097,-0.73181454818152
"Mir200c",0.648090154650346,-0.331763471097028
"Ptpn6",0.297823113761018,-0.353733128779454
"Gm38404",0.377326371470172,-0.195341510546108
"Gm15987",0.821406003862014,-0.221666453672779
"2310001H17Rik",0.366684971317695,-0.291468967142243
"Etv6",0.211155310363979,-0.304343257097129
"H2afj",0.395903288812055,-0.253655988431545
"Hist4h4",0.50086122900341,-0.295277125301916
"Bcat1",0.63738708165629,-0.598563281874556
"1700049E15Rik",0.351941642659881,0.0806534784498257
"Myadm",0.385281851873213,-0.281543158031045
"Leng8",0.335798834478448,-0.32655162734796
"Leng9",0.54140832520654,-0.39885169088249
"Fiz1",0.404124849243074,-0.281192910568947
"Zfp524",0.381885145444765,-0.261294025608118
"Zfp865",0.368962450198092,-0.279475648112743
"Epn1",0.348438094330797,-0.122897485153467
"Zfp444",0.366365338770705,-0.0143064171258701
"Vmn1r72",0.594826458993193,-0.560369270456833
"Ppp5c",0.277500682964198,-0.235981306670385
"Fosb",0.244557672646709,-0.257351342828605
"Ercc1",0.264323714613318,-0.247036850402602
"Relb",0.314911525185665,-0.336394090653216
"Bcl3",0.493149467486453,-0.34543463312217
"Kcnn4",0.621228521207633,-0.4739531403887
"Mir7047",0.693688125034944,-0.180781784668842
"Pou2f2",0.405267832911522,-0.648841123866027
"Dedd2",0.383530824252723,-0.24639519297072
"Erf",0.302130287760969,-0.268432509553077
"Cic",0.413332288423076,-0.298873568061073
"Zfp36",0.260383451982407,-0.322759874684783
"Lrfn1",0.384428036737817,-0.153979896883216
"Nfkbid",0.473997975716791,-0.451760083773832
"Hcst",0.525565975069505,-0.517892932792461
"Zbtb32",0.282610903133661,-0.233716983328352
"Mag",0.443078002156915,-0.337815669183926
"Fxyd5",0.42010231230578,-0.646913783806321
"Hpn",0.252352528750961,-0.106795513336986
"Ccne1",0.264126487768374,-0.16165838194508
"Gm28453",1.4362536581353,-1.20307961474272
"Gm5592",0.69881536973498,-0.716375624718946
"AI987944",0.890323929359226,-0.890023731567337
"Cldnd2",0.478441225041518,-0.349583820649186
"Shank1",0.257575740564708,-0.344963196401627
"Emc10",0.420723265001099,-0.353862237513525
"Fam71e1",0.4289945360744,-0.419822915852182
"Nr1h2",0.450433304996369,-0.210191930314877
"Myh14",0.249356911643216,-0.0545090993655399
"Scaf1",0.298532445128904,-0.225578273347604
"Mir7054",0.288182792776908,-0.246430871528385
"Rras",0.252705883448134,-0.173343619165724
"Sult2b1",0.284367134982311,-0.367614279506501
"Lmtk3",0.488771439921341,-0.375392011916377
"Gm5897",0.51296810348167,-0.336391939585398
"Nell1os",0.639784713294631,-0.131941502955892
"Klf13",0.310806914507567,-0.218687711149789
"E030018B13Rik",0.283741597650832,-0.110992928353202
"1700011C11Rik",0.51273784207298,-0.501788725924885
"Mctp2",0.336430355509566,-0.195988370266346
"Isg20",0.426311903901784,-0.286125892168887
"Sema4b",0.226411086401286,-0.0522183586699326
"Blm",0.288398297456284,-0.125075011737772
"Sec11a",0.28638653193588,-0.417333741764071
"Fah",0.308707506695844,-0.191935700893065
"Rab30",0.311697918711018,-0.139645066339575
"4632427E13Rik",0.432166559193155,-0.255767716917602
"Ddias",0.382471447019825,-0.268153082210252
"Map6",0.304611583716517,-0.0732568613603521
"C2cd3",0.238912486869529,-0.00818918139499278
"Ucp2",0.50080625436166,-0.594940067707555
"Arap1",0.213101068486242,-0.00749379247902968
"Numa1",0.211282847693718,-0.0273680139105541
"Stim1",0.310178317681372,-0.194677936772278
"Rrm1",0.578797457899492,-0.220282493259692
"4930583K01Rik",0.337090622535744,-0.287138142438782
"Vwa3a",0.339636706544411,-0.0759535245211743
"Mettl9",0.309456196177136,-0.184318748179307
"Mir7058",0.703411543244759,-0.23449298654391
"Slx1b",0.361787295857686,-0.0856010314673988
"Coro1a",0.495736458987975,-0.446163830477154
"Spn",0.466817041048978,-0.355123627705994
"Rgs10",0.363327795565664,-0.0992195029086448
"Plpp4",0.324443394664794,-0.0616899648029176
"Ptpre",0.325542383273008,-0.20744510677569
"5830432E09Rik",0.468921877595036,-0.356946703841747
"Olfr524",0.587826496512813,-0.0481756979059764
"Olfr525",0.986117678222907,-1.00807609829799
"Ctsd",0.305797137212188,-0.104684937664111
"LTO1",0.362178169109907,-0.234150896227097
"B930025P03Rik",0.309114027409843,-0.23295796565305
"Irs2",0.317212796536734,-0.202910657659815
"9530052E02Rik",0.268733305181919,-0.149988515118463
"Rab20",0.2447820571535,-0.157192624718082
"Naxd",0.446152286296147,0.102295113859062
"Atp11a",0.242066527735345,-0.126820185028218
"Rasa3",0.250046618471102,-0.324174421333525
"AY761185",0.56998153752908,-0.911617724095462
"Defa21",0.689355555325406,-0.582472700243286
"Plekha2",0.308139316953557,-0.363553187477871
"Chrna6",0.768589666691976,-0.149061826412614
"Pcm1",0.326474773893099,-0.227131989208118
"Hmgb2",0.416207873402026,0.00782444986233418
"Nr2c2ap",0.434786527391914,-0.0117281946554828
"Slc25a42",0.268337507786794,0.0397985141902575
"Mpv17l2",0.4630510689341,-0.345392527845631
"Unc13a",0.318176265618397,-0.447373677705887
"Fcho1",0.43448854886371,-0.254806277840133
"Olfr372",0.659896848519522,-0.921168528609142
"Olfr373",0.764945315193966,-1.26158039393638
"Adcy7",0.294658167414612,-0.337479937951207
"Slc12a3",0.233971652785026,-0.127028707414659
"9330175E14Rik",0.65844535935072,-0.714468705085996
"Nlrc5",0.398569545374936,-0.445493095281907
"Tradd",0.389367188414704,-0.0567542688328914
"Fbxl8",0.414853831054966,-0.0720474842993097
"Nutf2",0.333219790196928,-0.128772057234394
"Mir7687",0.231684684155536,-0.152881497570901
"Birc3",0.410291654188437,-0.422167571178136
"Panx1",0.479471626744967,-0.0883883468910555
"S1pr2",0.361727050517062,-0.288359781011351
"AB124611",0.342683573348653,-0.338412949655588
"Zfp810",0.5270805428152,-0.619030102993034
"St3gal4",0.426124062059832,-0.216924153678256
"Dcps",0.278582201250978,-0.00449976982113186
"Slc37a2",0.493043179694061,-0.316765501542538
"Olfr907",1.11412015423861,-1.34398321737964
"Olfr911-ps1",1.69214360647511,-1.3543877548313
"Olfr910",1.4710998049697,-1.62541113328862
"Olfr912",1.75455787765409,-1.42944742964998
"Olfr913",1.4396145741988,-1.26405082197858
"Olfr914",1.31771458760319,-1.35206031660316
"Olfr916",1.2545395786475,-1.35268110694252
"Olfr918",1.37535416467714,-1.31766496152613
"Olfr919",1.18796906602298,-1.30293932672631
"Vwa5a",1.40536255648087,-1.49665656443986
"Olfr920",1.38089996880539,-1.43411222317813
"Olfr921",1.72659634114142,-1.46350645474815
"Olfr922",1.65457862517694,-1.39210877887745
"Olfr924",1.59405201940721,-2
"Olfr26",1.65526417946998,-1.19645510056829
"Olfr926",1.30367393218194,-0.976865747836123
"Gramd1b",0.236130628661051,-0.256721510444997
"Cd3d",0.62416401657748,-0.651157216212224
"Jaml",0.57486128865502,-0.505050743190728
"Gm10684",0.365480951047342,-0.299637687029404
"Il10ra",0.546097668113366,-0.514894799885152
"Mir7086",0.524678294265367,-0.69635118781931
"Cadm1",0.385517265661308,-0.218514587635455
"Gm10677",0.496003542333262,-0.0224922929082764
"Zbtb16",0.57348564328229,-0.587613250608949
"Htr3b",0.603989123980363,-0.0956973269684956
"Kif23",0.376804420188205,-0.125035370406327
"Aph1c",0.377833597052844,-0.136347505167751
"Rab27a",0.296203005217512,-0.075396039816091
"Minar1",0.35259834707343,-0.160627083279784
"Pik3cb",0.231429950950462,0.0139871989938435
"Col6a6",0.362558809285814,-0.0815260611906723
"Poc1a",0.278108868850303,-0.260995504615512
"Cish",0.233788950755747,-0.247086325832073
"Cacna2d2",0.248352993667326,-0.197367541252341
"Tcta",0.279676955724232,-0.110657439299647
"Csrnp1",0.239652327998242,-0.413761330229599
"Cx3cr1",0.610142729027036,-0.640730001175087
"Higd1a",0.319633846357873,-0.229575771757177
"Fyco1",0.391019533582356,-0.229729540167186
"Xcr1",0.477117398177559,-0.525674051424216
"Ccr2",0.660384285020998,-0.686247070037821
"Pnck",0.534720529741885,-0.268226614349581
"Gk",0.328405728826967,-0.23505011392789
"Gm15127",0.748756470504181,-0.486412002590786
"Luzp4",0.632999099427178,-0.48919175506577
"Tspyl2",0.440491604868416,-0.17197183447642
"Xkr4",-0.0945391823022565,0.21371433887262
"Sntg1",-0.183304011021532,0.207480288297792
"Gm5523",-0.28102192804056,0.45378258432281
"Kcnb2",-0.199424794279661,0.248686912008342
"Pkhd1",-0.260611521411134,0.213196484769227
"4930486I03Rik",-0.249943287699151,0.43152517518807
"Mir6349",0.178230775237035,0.363301545499422
"Rfx8",-0.343596218598057,0.256916775425334
"Slc9a2",-0.522199435217901,0.407165800666664
"Mfsd9",-0.365871175322514,0.535785158098849
"Col5a2",-0.172380409983752,0.382999845929089
"Igfbp5",-0.601440206454207,0.445344750378286
"6030407O03Rik",-0.347151757611313,0.342365896401451
"Col4a3",-0.203727931199857,0.232924166570233
"Neu2",-0.0909309623690763,0.381967478065298
"Ugt1a10",-0.189883938480619,0.311514060419805
"Ugt1a9",-0.209730181991905,0.333420428954924
"Ugt1a7c",-0.220258307766284,0.353245133985302
"Ugt1a2",-0.247518281874661,0.372872892406915
"Ugt1a6a",-0.247518281874661,0.372872892406915
"Spp2",-0.443616206353619,0.338446677416496
"Gal3st2",-2,2
"4930533P14Rik",-0.595386452706171,0.566088589158529
"Tfcp2l1",-0.0457536049177906,0.206533573604264
"Plekha6",-0.242280256739482,0.270437821266711
"Gm19461",-0.207728436983007,0.271006911098403
"Kiss1",-0.307710820324014,0.393225007405686
"Golt1a",-0.313739358405715,0.401373827574833
"Prelp",-0.400702947737914,0.37064188218551
"Gm4788",-1.3232956369116,1.2856537861609
"C730036E19Rik",-0.143074083729983,0.249664699702286
"Colgalt2",-0.344608433270974,0.472254371158381
"Rgl1",-0.135539885903476,0.208429381827538
"Xpr1",-0.106690900103167,0.213345318086535
"Adcy10",-0.258041927133131,0.342335944541185
"Nos1ap",-0.212826758865097,0.214915249101595
"Dusp12",-0.476758991873301,0.572896756777321
"Sdhc",-0.426375455825215,0.424674917954086
"Mptx1",-1.02960009712922,0.967416363575574
"Coq8a",-0.390387940657687,0.314340263568551
"Mark1",-0.235356651260965,0.280147053290372
"Esrrg",-0.212275249515327,0.288184886991705
"Iyd",-0.132674297640457,0.379138853918842
"Myct1",-0.303121859597369,0.58468676184763
"Cnksr3",-0.169891716148508,0.219895192709128
"Mir6413",-0.332963028432491,0.356837522004009
"Rhobtb1",0.0505239442045871,0.200170420296394
"Upb1",-0.166221960587073,0.32143283904993
"Cfd",-0.150482938779039,0.486724834615917
"4930486F22Rik",-0.146246285506436,0.302709067828109
"Ascl1",0.0816471323846482,0.585165659981881
"Pah",-0.301145721173393,0.514378028191011
"Ntn4",-0.334206500918569,0.385387604132879
"Gm15915",-0.383708480018335,0.561802670026807
"Rab3ip",-0.142197966775851,0.309762191300273
"Cpm",-0.263090967179468,0.307769771763314
"Olfr825",0.00738017082355305,0.888098715998389
"Osbp2",-0.0977036331062507,0.228002766959715
"Dusp18",-0.126080091372607,0.38298456554848
"Emid1",-0.24772522986132,0.296283459039517
"Aebp1",-0.652859514888266,0.431764604440893
"Camk2b",-0.420008658094872,0.309034765331494
"Adcy1",-0.143353180113703,0.239207687693858
"Bod1",-0.219125561160184,0.218558704227307
"D630024D03Rik",-0.282856229164104,0.292288438912632
"Cpeb4",-0.238334815198604,0.29810102650807
"Pdlim4",-0.136284521811013,0.287152794717891
"Gjc2",-0.143625833125114,0.492487377274416
"Kcnj12",-0.730516616322755,0.731804815249085
"Nlrp1b",-1.34503175074503,1.4109351668426
"Nlrp1c-ps",-1.89855293205511,1.62160453157977
"Tekt1",-0.197058480452048,0.525969047481674
"Smg6",-0.254682105660481,0.289606907693341
"Rtn4rl1",-0.252027995138172,0.22156676657243
"Rph3al",-0.200309652857492,0.205150341219884
"Vps53",-0.34314763063091,0.22476705811869
"Nxn",-0.267134706914305,0.354540628395579
"Sez6",-0.383315812234558,0.467230067973214
"Slc13a2",-0.250581718334525,0.367510896974062
"Rab11fip4",-0.182054553770289,0.221395797584706
"Rab11fip4os1",-0.149702512798335,0.30870455311583
"Mir365-2",-0.116473699574319,0.275505076173327
"Bcas3",-0.240672206910838,0.250056707262589
"Dhx40",-0.620094090056471,0.346453560061557
"Cuedc1",-0.201417488868425,0.290331457671136
"Mrps23",-0.204788750239548,0.269001301522179
"Ccdc182",-0.371512166243143,0.491162597913708
"Msi2",-0.178542955776633,0.250438039887753
"Mir378b",-0.309124623224007,0.320858703623869
"0610039H22Rik",-0.177183229627124,0.274508432527715
"C030037D09Rik",-0.0750454808410092,0.237079007061368
"Acsf2",-0.116984453418116,0.349662012757122
"Tac4",-0.13417903014417,0.248230403245554
"Pgap3",-0.123846110699305,0.410718262965165
"Psmd3",-0.216399627682541,0.345075132958832
"Msl1",-0.0644474883036133,0.252934239396337
"Vps25",-0.272627213311172,0.306870109607947
"Wnk4",-0.461532266667516,0.308201531851101
"Rpl27",-0.0832835554748571,0.45476651824073
"Meox1",-0.310174571804923,0.278050019273174
"Gm11627",-0.0291456440622421,0.514485930303842
"Mapt",-0.0504046937034587,0.244649398354097
"2610035D17Rik",-0.614168197833005,0.474198921171161
"Gm11733",-0.171229594852553,0.298617311666878
"Tnrc6c",-0.184435100878282,0.278862268042804
"1700030C10Rik",-0.5603267752745,1.00612540220826
"Asap2",-0.249714634525614,0.257302401872906
"2410018L13Rik",-2,2
"9030624G23Rik",-1.27239199587378,1.30633628471819
"Kidins220",-0.334322143407981,0.281887027506101
"Id2",-0.12951434527995,0.238671867766358
"2310016D03Rik",0.0898828789931466,0.37531213859252
"Mthfd1",-0.367336550489626,0.304842771781862
"Dpf3",-0.2234671440226,0.285777160633463
"Gm2042",-2,2
"Gm21319",-2,2
"BB287469",-2,2
"Gm10432",-0.217691904819199,0.28305146940888
"Serpina1a",-1.16217212338114,1.03606809562843
"Serpina1c",-1.34597205223618,1.36560615382307
"Eml1",-0.276620573522675,0.23676601980613
"Klc1",-0.268212846479402,0.322229350341318
"Mir6388",-0.730079146156256,0.546157730754286
"Vmn1r189",-1.11316774191942,1.08592552438221
"Fars2",-0.127335758553712,0.228682739466917
"Bmp6",-0.205541972935926,0.358170327098987
"Tbc1d7",-0.269664434537323,0.34610584255941
"Stmnd1",-0.264468953882653,0.332670078154049
"Cplx2",-0.259987685085953,0.266190023896158
"Klhl3",-0.319261286723232,0.268946589328105
"Mir874",-0.324175362915922,0.407823605627138
"A530065N20Rik",-0.218924110290347,0.256604634425401
"Ctsm",-0.60544760410839,0.496196942253575
"BC052688",-2,2
"Zfp808",-0.68801398570862,0.625770093490882
"Zfp429",-1.27927216874536,2
"Zfp729b",-0.628966856143974,0.704061821933419
"Gm8016",-1.39425567307432,1.54645812014745
"1700024P04Rik",-0.236225322351805,0.314897456435893
"Hspb3",-0.0887535127551631,0.350756751710295
"Itga1",-0.129625623662397,0.303623398912203
"Pxk",-0.148148623072622,0.329603332797878
"Ptprg",-0.437392482207521,0.469740380795284
"Ldb3",-0.124716416747986,0.386459098835729
"Olfr725",-0.373941805658114,0.612768060636925
"Slc7a8",-0.477049972311441,0.431750143299726
"Cryl1",-0.218196815677852,0.25841331099882
"Fgf9",-0.301884981039144,0.313214709969625
"Fam124a",-0.382405202309824,0.338949484013107
"Zfp395",-0.29023974004899,0.259318005089944
"Xpo7",0.00592633756623692,0.262761012741747
"Dach1",-0.266586465805082,0.345387928115443
"Lmo7",-0.148984692971884,0.209996712484267
"Abcc4",-0.169706274239676,0.206103002924048
"Cldn10",-0.245832549941264,0.244409060812286
"Uggt2",-0.303027710346516,0.300574133607755
"Zic2",0.194306883960907,0.584575418162368
"Agxt2",-0.199664770928889,0.473141112181392
"Rai14",-0.335439088727097,0.2428444061137
"Gm10389",-0.26697285115832,0.364260113803998
"Gm19276",-0.062706280522883,0.37984463744179
"Npr3",-0.228030844401836,0.336303551523828
"Myo10",-0.137510123084838,0.214362198814288
"Ropn1l",-0.374909573589609,0.335986295960627
"Angpt1",-0.17192206747382,0.29506543138391
"Deptor",-0.335922025299951,0.308601594988708
"Mrpl13",-0.157907978154919,0.56573019645566
"A1bg",-0.224301472950227,0.434880282072106
"Khdrbs3",-0.0246481677859236,0.228009674637179
"Zfp251",-0.230750177219237,0.464674051839502
"Apol10a",-2,2
"Apol11a",-2,2
"Apol7c",-0.0927031913631073,0.820658584625629
"Card10",-0.201966538040824,0.200940190866124
"Eif3l",-0.370347012886551,0.365650051018364
"Pick1",-0.100935153811163,0.452922138252664
"Apobec3",-0.253142539646096,0.771217756330582
"D730005E14Rik",-0.257321207470143,0.873623584697137
"Pdgfb",-0.243837428291458,0.229097335054118
"Mir7213",-0.161566633550185,0.27148587538259
"Mgat3",-0.179530361585992,0.27656561048178
"Zc3h7b",-0.199208298316782,0.282926600973905
"1500009C09Rik",-0.360717601069456,0.830108642721107
"Cyp2d26",-0.182055607342779,0.543011187904055
"Ppara",-0.233317019572041,0.243381111605852
"Pkdrej",-0.300642244934065,0.681435789381967
"Trmu",-0.317104282246914,0.368487022549735
"Prickle1",-0.219990513156489,0.244665091758191
"Vdr",-0.266875853985189,0.247783366303423
"Adcy6",0.0818021307086183,0.249040291058468
"Smarcd1",-0.0945861142603662,0.420171057886944
"Gpd1",0.147697739973877,0.266980742457003
"Ankrd33",-0.236321173155551,0.328024925868283
"AU021063",-0.432260282274049,0.419585457062122
"Hoxc5",-0.365841517242603,0.538723264086334
"Hoxc4",-0.307572421117992,0.318830359992187
"D930007P13Rik",-0.217489988881478,0.253628724843884
"Arvcf",-0.23229909098694,0.289202689299075
"P3h2",-0.302718599590996,0.390896482549993
"Zdhhc19",-0.185816847001564,0.450712202485205
"Itgb5",-0.269453809446639,0.298564170032812
"Mylk",-0.128072768159349,0.216255623881668
"Adcy5",-0.144068004936055,0.285402056870127
"Sema5b",-0.126759464446156,0.268620088607378
"2010005H15Rik",-0.950552190467917,1.34138171733097
"Stfa1",-2,2
"Igsf11",-0.306283325433625,0.234413868344031
"Gm32461",-0.300471817547726,0.472015873033751
"Cbr1",-0.937433728187327,0.784344555987
"Igsf5",0.0361725158302898,0.228069645545018
"Tcp10c",-1.98721127580939,1.90427364659507
"2700054A10Rik",-0.434330511387054,0.702751107593084
"Gm5092",-0.616570160707373,0.535925158317089
"Ift140",-0.337633331016991,0.324119176802213
"Tmem204",-0.480283743615228,0.401018429448405
"Fbxl16",-0.271651166930642,0.407360482969632
"Luc7l",-0.181722041259582,0.289467378315866
"Mir7214",-0.244283571753878,0.574472241060881
"Pde9a",-0.103521714538396,0.255997652852865
"Cyp4f15",-0.246806952180381,0.484693032597267
"Cyp4f13",-0.119502082939537,0.543956383868686
"Olfr55",-1.05901198130867,1.96284458807034
"H2-K2",-0.606808266213453,0.606150850392432
"AA388235",-0.642891572365992,0.901809199454442
"H2-Q2",-1.42775554249293,1.19981930691157
"H2-Q4",-1.9713389781428,1.26346658436491
"Ddr1",-0.149507590446369,0.232482688265082
"H2-M1",-1.61175877067012,1.33930748482897
"H2-M10.5",-0.680618165889065,0.542414248781038
"Vegfa",-0.181962301717761,0.204104780015353
"Abcc10",-0.135162613107774,0.370816832764657
"Lrrc30",-0.423090869546552,0.491919858737213
"Srd5a2",-0.202541002727854,0.347469410533867
"2010106C02Rik",-0.376341980572846,0.499557604297914
"C330024C12Rik",-0.0903091915317459,0.25258875913188
"Greb1l",-0.186403119710581,0.304123607007119
"Mir1b",-0.253029230197913,1.92793443735753
"Dsg2",-0.247042932291868,0.390552309699944
"Lims2",-0.264596185978766,0.42949365812073
"Myo7b",-0.133707346267064,0.306453436401316
"Nrep",-0.254294243886082,0.365255231544471
"Fchsd1",-0.146218344266116,0.508554176520434
"A530050N04Rik",0.00114138803494007,0.308387891832759
"Gm10532",-0.3146327436551,0.303275177353346
"Zbtb7c",-0.233358804472303,0.29738988389826
"Pcx",-0.0960471568145275,0.362114612756071
"4930481A15Rik",-0.703895270341522,0.753028262270796
"Slc22a8",-0.431040716196925,0.465997902064055
"Slc22a6",-0.473326058536522,0.693817281997439
"Rab3il1",-0.232099886504224,0.287833133914744
"Glis3",-0.16746126647657,0.228379244706331
"4430402I18Rik",-0.0594259890058346,0.339171847830185
"Slc16a12",-0.0807655865565638,0.33269699069287
"Ppp1r3c",-0.380004099810743,0.522271879829005
"Tnks2",-0.14710998805516,0.304722552332529
"Myof",-0.162069606994021,0.209518873220732
"Morf4l1b",-0.106929441554769,0.490722772555328
"4933411K16Rik",-0.0854003754859794,0.364629959693343
"Loxl4",-0.0445282077589754,0.357512813492411
"Abcc2",-0.436549485901965,0.670975979586917
"Cpn1",-0.322749695379873,0.662371829117814
"Cyp2c23",-1.00119442364945,0.84893924899935
"Erlin1",-0.242140959972543,0.551075181068662
"Chuk",-0.420543594004593,0.391735376937129
"Sema4g",-0.262603074336768,0.399175501852883
"Gpam",-0.213070010992309,0.271899273049453
"Afap1l2",-0.265566495848647,0.237873700626292
"Mymk",-0.130824431685818,0.360438282350854
"Adamtsl2",-0.184989291483469,0.304203470885955
"Dbhos",-0.0454542029234995,0.597844870758156
"Sardh",-0.354102007784231,0.278562598572372
"Gm14486",-0.150907209814003,0.228142662563587
"Gpr107",-0.140939573462941,0.410484462453625
"Ass1",-0.330003821353631,0.241200353459985
"Eng",-0.368715093455047,0.315252896067477
"Mir1954",-0.346542851547541,0.377530366606891
"Angptl2",-0.26906294872339,0.339204192906609
"Lrp1b",-0.157451680690954,0.204867097238687
"Pkp4",-0.226173444632865,0.252672643039892
"Sp5",-0.661444107843338,0.484362503139411
"Slc25a12",-0.205785587595244,0.437270588746707
"Osbpl6",-0.0975928760259191,0.231949007928111
"Ccdc141",-0.243588096305721,0.327620554258687
"Sestd1",-0.207643960321408,0.255383922267812
"Olfr1039",-1.86250750046233,1.77082361486446
"Olfr228",-0.577900149809457,0.92137042797126
"4631405J19Rik",-0.0594965231759837,0.266140802288575
"Tspan18",-0.34657983887629,0.348412606839785
"Olfr1303",-0.35274448854032,0.654209385037864
"4930528P14Rik",-0.497031725592774,0.387878440316105
"BC052040",-0.238897912808497,0.264003492851213
"Meis2",-0.24786732654171,0.279566727625526
"Sord",-0.253366837284679,0.325942207276492
"A730017L22Rik",-0.0620530505836461,0.275801659795195
"Plcb1",-0.143952816203051,0.24636626200428
"4933406D12Rik",-0.286313937528093,0.335865816610165
"Zfp120",0.227716970782007,0.408517555647358
"Gm14164",-0.460154270511168,0.351257911909754
"Bpifa2",-0.0141121867223025,0.69448019609332
"Cbfa2t2",0.075997469346308,0.252813322466504
"Acss2",-0.20037072560213,0.256460166954193
"Gss",-0.0778970212667564,0.342224133506365
"Src",-0.0451932120964493,0.23500464805054
"Ctnnbl1",-0.314538193739807,0.262204633260693
"2010009K17Rik",-0.516174579313784,0.332102735361562
"Slc13a3",-0.568856450053833,0.629798338660565
"Bmp7",-0.216225783988413,0.249300119688644
"Pck1",-0.254701648751346,0.330378149494372
"Car1",0.133368796219439,0.498569822182565
"Spata16",-0.0825363917323278,0.240683013236533
"Gm1527",-0.590029108902178,0.446790786397308
"Mecom",-0.30012835710567,0.241682156593672
"Gm20755",-0.210673409271597,0.225395984535699
"Gm7977",-0.256639070590589,0.644530883323173
"Sucnr1",-0.361373917782907,0.582580572208232
"Iqschfp",-0.197341206852537,0.225819702288255
"Schip1",-0.201178181983137,0.230500282635112
"4930509J09Rik",-0.239433952633831,0.420999472449564
"Pdgfc",-0.259735660711218,0.452279687157682
"Mir7010",-0.113526437864468,0.41243785528625
"Trim2",-0.0453957366275643,0.309794815432983
"Gm6525",-0.0247919348795142,0.353645589588333
"Prss48",-0.144661841815619,0.267199254735134
"Pklr",0.0452245997471269,0.392766418730524
"Cd160",-0.109727466583504,0.358305910679756
"Gja8",-0.309597972985946,0.431418425575477
"Gja5",-0.160275186860681,0.323486411314898
"Zfp697",-0.0182091531172711,0.252056041508592
"Mab21l3",-0.0643486943133567,0.251998178705833
"Abcd3",-0.0889457298054936,0.215251558953919
"Egf",-0.261520451908275,0.38387597269587
"Lrit3",-0.448825693597542,0.806519997372584
"Tbck",-0.0189775397463043,0.268372741167962
"Gm29811",-0.287746762037109,0.398592407367208
"Adgrl4",-0.274961251212688,0.311737812102714
"Nkain3",-0.16211426856323,0.205394512103174
"Rragd",-0.381458877027204,0.435568001255487
"Ccl27a",-1.15506900911918,0.868833939316761
"Fam205a1",-2,2
"Msmp",-0.450676597242157,0.431016830989584
"Zfp462",-0.16451997554885,0.228460363163756
"Mup9",-0.428953786330262,1.01218955312766
"Mup2",-0.241566776246484,0.539618182634744
"Mup8",-0.603245915361949,1.23751359716276
"Mup10",-2,2
"Mup11",-2,2
"Mup12",-1.16654003731608,1.49023618606698
"Mup16",-1.89405821437275,1.99262624207637
"Mup19",-0.305783039063228,0.559297130998965
"Bnc2",-0.153876437506532,0.214208746369006
"Gm13286",-2,1.97140754807689
"Gm13283",-2,2
"Gm13290",-2,2
"Patj",-0.0742886950806404,0.215417526264363
"Kank4",-0.134806035139574,0.54119432441485
"Ror1",-0.316500698237296,0.308197169203194
"Cachd1",-0.0998214194270002,0.216011465732737
"Dnajc6",-0.0363592738703643,0.333592282390677
"Bsnd",-0.20271321079707,0.457247924632636
"Dhcr24",-0.11455650483372,0.331281110792258
"Acot11",-0.126790585455605,0.20189277888795
"Skint4",-2,2
"Skint3",-2,2
"Skint9",-2,2
"Skint2",-1.53527648862227,1.55592124773559
"Skint6",-2,2
"Skint5",-0.693365290985333,0.77606251493382
"Skint11",-0.59735599223588,0.764037687552734
"Trabd2b",-0.238623375303809,0.323503162477429
"St3gal3",-0.197374763926526,0.208959511864846
"Mir7226",-0.22889094331046,0.22774426303228
"Gm12992",-0.254482295166248,0.410318385204914
"Kdf1",-0.547966003694774,0.52799792670105
"Dhdds",-0.0957742435937318,0.579341211779835
"Cep85",-0.418808345507116,0.343122458884103
"Zfp593",-0.150398948760028,0.545882853733705
"Trim63",-0.462675516416132,0.621812657711029
"Aunip",-0.569406442619157,0.663711922542355
"Ncmap",-0.140287742242494,0.527253702739119
"Myom3",-0.277496342398759,0.422815504687355
"Id3",-0.372621315597482,0.247656808786768
"Zbtb40",-0.279337811522927,0.340760455907142
"Cela3b",-0.262745968250606,0.598090267361026
"Hspg2",-0.0885560619953767,0.242823704189228
"Ldlrad2",-0.389994160501388,0.411356567110782
"Rap1gap",-0.209413398134592,0.227089554738024
"Camk2n1",-0.305551080121085,0.264809942595843
"Akr7a5",-0.123154551388403,0.297309236104626
"Mrto4",-0.411872501145586,0.388162955795011
"Klhdc7a",-0.15349669670048,0.468354876689577
"Arhgef10l",-0.25443018011074,0.28108554152964
"Kazn",-0.30240234006733,0.375899435547845
"Gm13083",-1.01503438989332,1.43637443899606
"Pramel4",-0.735475332870747,1.15150164267682
"Gm13102",-1.71952395244103,1.83681772999722
"Gm438",0.0275854362075301,0.572501931215737
"Slc2a7",-0.18216200900517,0.41377381899995
"Zfp804b",-0.194929528217939,0.238401888311661
"Sri",-0.108815945296754,0.39850797630448
"4930558F17Rik",-1.76184939738096,1.75432697741345
"Gm5861",-1.96405779903878,1.87460130498646
"Speer1",-1.39554244307142,1.68065528980061
"Gm6460",-0.887789905914905,2
"Gnat3",-0.196018417954034,0.325291215575754
"Klhl7",-0.566667280713731,0.4187162805675
"2900005J15Rik",-0.20795635621166,0.229247158468734
"1700001C02Rik",0.254077562948136,0.516743703088991
"Sh3tc1",-0.246043096787282,0.208299340976931
"Evc2",-0.372864552114524,0.353963969450404
"Nsg1",-0.30256385415955,0.453132424883094
"Ppargc1a",-0.224088596351413,0.24086579829957
"Sepsecs",-0.246872102196941,0.354850964038688
"5830416I19Rik",-0.424260166028319,0.45625674118454
"Tbc1d1",-0.2802191755349,0.241330993357681
"Gm3716",-0.321541788839722,0.379415959985218
"Limch1",-0.393945915231045,0.290161060338698
"Mir1187",-0.453286405492181,0.539565729776791
"Slc4a4",-0.192772700698164,0.214205609783309
"Mir1961",-0.182377455735503,0.318997138322042
"C87414",-2,2
"Gm16513",-0.269556881666873,2
"Ube2d2b",-0.205748653696683,0.386138423039564
"Tmem211",-0.167527213156243,0.228521257282984
"Mir7029",-0.313617798001314,0.45147932253538
"Fbxo21",-0.389221561596937,0.361181103624415
"Ift81",-0.22271464657288,0.253646511672541
"Ccdc62",-0.116333887835321,0.321418252651102
"Rflna",-0.358655659480271,0.368841381915967
"Actl6b",-0.119520609824075,0.501305204524865
"Pilrb1",-1.26184187925202,1.15022998113452
"Pdgfa",-0.149946800013529,0.201913064637189
"Rbakdn",0.150079390876461,0.631661660094547
"Ankrd61",0.016302874100385,0.879635953203847
"8430423G03Rik",-0.333612956404554,0.467975353052328
"5930430L01Rik",-0.258573649857897,0.28760482784852
"Kl",-0.194598886226826,0.285135712136983
"Samd9l",-0.328465376134296,0.600475366752297
"Ahcyl2",-0.0432776135522653,0.278713693283813
"Mkln1os",-0.309601318504489,0.285132388868578
"Podxl",-0.207825869738383,0.286230719008664
"Akr1d1",-0.168194085480336,0.45052132696996
"D630045J12Rik",-0.291355936761037,0.217266454042799
"Tbxas1",-0.294298310212586,0.216841354428668
"Lrrc61",-0.372262433911314,0.575411805513819
"Aoc1",-0.11522660702746,0.336798632930701
"Halr1",-0.348668712398738,0.394760558521044
"Hoxa3",-0.437333204276396,0.27347465476713
"Hoxaas3",-0.466210154142934,0.283726427315618
"Evx1os",-0.0909287847574385,0.42434966906105
"9130019P16Rik",-0.0756397482688573,0.256086838188549
"Prr15",-0.382711921508921,0.443873545350896
"Rprl1",-0.46934605408867,0.686759949880904
"Thnsl2",-0.0867967794605215,0.419881092836598
"Nat8f7",-2,2
"Nat8f3",-0.664220321894661,1.35387638838213
"Grm7",-0.123732153169651,0.215104967042912
"Tmem40",-0.515644204135046,0.389827626050185
"Rpl32",-0.215355249540516,0.414236013855002
"Efcab12",-0.251768335032582,0.540191523611239
"Mbd4",-0.111530196249327,0.390379575085021
"Ift122",-0.131469159866318,0.267269965196706
"Klra22",-1.37083095353665,1.23760237377032
"Klra6",-2,2
"Klra4",-2,2
"Klra12",-1.75314846718121,1.71267638824369
"Klra15",-1.21065300267925,1.1263776994764
"Klra8",-2,2
"Klra21",-2,2
"Klra14-ps",-2,2
"Klra9",-1.01881280180709,1.10494331708965
"5430401F13Rik",-0.767079334865837,0.896206147702315
"Tas2r130",-0.178016916747922,0.652696979639972
"A630073D07Rik",-0.798713638237812,1.6855928646889
"Tas2r120",-0.990885158045026,0.887246535802362
"Tas2r131",-0.860316995072371,1.79250132059823
"5530400C23Rik",-0.257372276128945,0.410479533841253
"4930425L21Rik",-0.239574502946004,0.315812218087936
"Art4",-0.128658565314446,0.607682212571719
"Rergl",-0.294538989903425,0.419077380342729
"Pik3c2g",-0.362126750021752,0.378863407683326
"Pira1",-1.10699941948292,1.80116308318737
"Gm14548",-2,2
"Shisa7",-0.313782766645521,0.37955719799361
"Vmn1r61",-0.495979778056676,0.666303204329399
"Epp13",-0.0859541057430484,0.493450510513973
"Aurkc",-0.512852073742665,0.694177522807271
"Vmn2r31",-1.08808423558572,1.50005573471816
"Vmn2r32",-2,2
"Vmn2r33",-1.4251219309565,1.58336330122537
"2810047C21Rik1",-2,2
"Vmn2r43",-2,2
"Vmn2r44",-2,2
"Vmn2r45",-2,2
"Vmn1r71",-1.04496458289859,0.889760008320515
"Zscan4a",-0.724745155753307,0.892700458378556
"Zscan4c",-2,1.99344222629189
"Zscan4f",-0.508228851335083,0.751487546229359
"Vmn1r78",-0.441508528739938,0.754307822115897
"Vmn1r113",-2,2
"Ceacam1",0.0113041716683291,0.350606475553316
"Zfp74",-0.446725504388054,0.460852471098096
"2200002J24Rik",-0.534212278848796,0.930449202434234
"Scgb1b7",-2,2
"Scgb2b11",-2,2
"Scgb2b12",-1.90243180724284,2
"Scgb1b12",-2,2
"Scgb1b29",-2,2
"Scgb2b15",-0.51019539066426,1.02856882574145
"Scgb2b18",-1.06699012445466,1.16024225316363
"Chst8",-0.291409925434245,0.399234100909573
"Gabrg3",-0.0261323355075217,0.256131495994946
"Rhcg",-0.184371458657584,0.33078833942472
"Pde8a",-0.198145791070654,0.225222711207762
"Vmn2r73",-0.0495296822961848,0.600058666153917
"Vmn2r74",0.0646611972809178,0.428210299774364
"Nox4",-0.440726646047256,0.376754499536997
"Me3",-0.157115715593211,0.288396324380024
"Lrrc32",-0.225808016359115,0.307179503399495
"Olfr68",0.149472028768138,2
"Hbb-b2",-1.12854422302292,1.14026227028958
"Olfr66",-0.34211554341742,1.15132577060594
"Trim34a",-1.11296524048498,1.32326779775653
"Trim5",-2,2
"Trim12a",-2,2
"Gm15133",-2,2
"Trim30e-ps1",-2,2
"Olfr715b",-2,2
"4930543E12Rik",-0.167690532621722,0.26142316256339
"Plekha7",-0.334337294243053,0.23998218674999
"Xylt1",-0.23848264539117,0.268012441491
"Acsm2",-0.195033202644704,0.324032005382895
"Acsm1",-0.151088965941882,0.349473068273523
"Tacc2",-0.215285039265158,0.220678973659573
"Deaf1",-0.133717688810703,0.232236703626538
"Mir7063",0.00476065218509938,0.589195269144712
"Mir3105",-0.23529493751116,0.221599607076521
"4930453L07Rik",-0.0659033783981877,0.574321835217766
"Defb8",-0.479264975510845,0.615679136602841
"Defa35",-1.45149479940535,2
"Gm14851",-1.59393329419714,1.92027586825104
"Defa30",-2,2
"Defa22",-2,2
"Gm15293",-2,2
"Defa3",-1.48672168956923,2
"Defa27",-2,2
"Defa29",-1.23912189921057,2
"Defa2",-2,2
"Defa33",-1.72115249696572,2
"Gm7849",-2,2
"Defa20",-2,2
"Trmt9b",-0.243475598679919,0.330484783443466
"Dlc1",-0.241490775218684,0.247196601074423
"Sgcz",-0.201531698387053,0.202104790997113
"Gm7827",-0.792822933940557,0.659190241155416
"Ccdc130",-0.00718600974981341,0.324546563127683
"Fto",-0.321187291636439,0.323201143577961
"Irx3",-0.0143298721412695,0.258850286088059
"Ces1c",-0.221880381679783,0.722193225547429
"Adgrg3",-0.137058955951149,0.45716063698437
"Tango6",-0.281202343723892,0.282137337765189
"Mir7075",-0.308474463172697,0.399638364478836
"Cyb5b",-0.200683131562187,0.301315627688918
"Bcar1",-0.189582639580008,0.213045525408506
"Cfdp1",-0.166268305302413,0.305839912022824
"Sult5a1",-0.104977001835599,0.367494285874654
"Pard3",-0.278978737337578,0.283290852190494
"Olfr951",-1.90652931137278,1.54671081047598
"Olfr952",-2,2
"Olfr957",-0.334549802332772,0.960369123068236
"Tbcel",-0.18051348801228,0.401230430224746
"Fxyd6",-0.0237784382460526,0.405772817638722
"Gm6981",-0.177166576782528,0.3153889223725
"Islr",-0.204335940769986,0.663606451435314
"Uaca",-0.168192015473976,0.215937821845193
"Lctl",-0.306515043396697,0.383921848514625
"Megf11",-0.187106564166045,0.209561430573147
"Oaz2",-0.431555414513267,0.384179805423565
"Zfp609",-0.115590629530018,0.215684307216056
"Car12",-0.363857869982462,0.331214465978868
"Gm19299",-0.337877881376882,0.363377556818084
"Mir190a",-0.234761621777275,0.302197548195535
"Myzap",-0.237226363949292,0.317408158649171
"Cgnl1",-0.300627223614756,0.224772043360356
"Tinag",-0.129488798780942,0.380069021699929
"Mlip",-0.201504843696798,0.36845007930133
"Lrrc1",-0.0322623353095794,0.31080564880151
"Klhl31",-0.0169177711531174,0.333612064365217
"Gsta2",-0.709929993750017,0.907734911451011
"Gm2109",0.0130301426167405,0.394714869733558
"U2surp",-0.252177588116799,0.415953556383909
"Paqr9",-0.209637940667127,0.378910471885979
"Rnf7",-0.190412787469523,0.322623299458223
"Spsb4",-0.297509023273142,0.340815821853585
"Nmnat3",-0.264010607486318,0.320659161023542
"Slco2a1",-0.147614975267214,0.262795624320781
"Rab6b",-0.403805699430856,0.366621593341493
"Tmem108",-0.130091076246678,0.222594321683189
"Nek11",-0.244634504006566,0.293053592227654
"Mapkapk3",-0.366852761153355,0.452730640051216
"Rnf123",0.0421452390212384,0.247767403723622
"Pth1r",-0.25980159338095,0.337525780728388
"Glb1",-0.376959770344912,0.420143756641895
"Dlec1",-0.367423113015589,0.412285361929144
"Xylb",-0.0232433247293092,0.477870886091425
"5830454E08Rik",-0.19365713365255,0.394941473997146
"Ulk4",-0.170953860419866,0.231238444103113
"Zfp445",-0.216176413739845,0.457099264278727
"Shroom4",-0.269894372156237,0.291891911817572
"5430428K19Rik",-0.366154939987007,0.327538727911387
"Dgkk",-0.23798008091271,0.415208543950116
"Ssxb9",-0.315634378983555,0.365814181786089
"Efhc2",-0.437200238579533,0.362603139886417
"Gm1993",-0.537478174377668,0.937246263013404
"Tenm1",-0.463166213226677,0.273574654189336
"Apln",-0.0361196210945355,0.39197274056442
"Gm35612",-0.460430852993763,0.705248351070837
"Firre",-0.916554444759747,0.605857235234089
"Frmd7",-0.524248014573521,0.557609663919431
"Gpc3",-0.32368914939045,0.291810160501227
"Plac1",-0.542329109113046,0.566490010141155
"Fgf13",-0.234880690059683,0.411266094664011
"Mir742",-0.489701161180028,2
"Mir883a",0.436732995980511,2
"Aff2",-0.369384291918508,0.34159120996174
"Dusp9",-0.590668052761054,0.490888502236789
"4933407K13Rik",-0.444945036164168,0.487692424211046
"Cldn34b3",-0.408129292966133,0.560704872272283
"Obp1b",-0.204021168788654,0.796678293437042
"Dmd",-0.293655229313468,0.257532027899224
"Stard8",-0.177111185633804,0.293974822608705
"Slc16a2",-0.347604410695254,0.419892693676394
"Rps6ka6",-0.0874712544305242,0.510289661498222
"Dach2",-0.398733690881668,0.499478449964352
"Tgif2lx1",-0.511579829154127,0.612430747876335
"Pabpc5",-0.383924829926091,0.528602939692855
"Pcdh11x",-0.525049068195298,0.392582816819702
"Nap1l3",-0.227116836063,0.516510400622325
"Cldn34c1",-1.2610680378511,1.10471134153565
"Vmn2r121",-1.68513995470282,1.55915416783662
"4932411N23Rik",0.0474332654751416,0.662961174058622
"Cldn34c4",-0.377806622296955,0.561946985531477
"Diaph2",-0.337004745268954,0.274333932935589
"Bex3",-0.590826206368071,0.771802398305579
"Tmsb15b2",-0.327431142767883,0.951572251251745
"Il1rapl2",-0.31770179520421,0.21681829068017
"Rtl4",-0.33541445415625,0.288468279882336
"Il13ra2",-0.339727153420184,0.536675038506445
"Gm15093",-1.52752109028407,2
"Gm15097",-1.42484945145644,1.47586277875587
"Gm15091",-0.745573421785693,1.82683555530697
"Apex2",-0.15699046113554,0.49968156673741
"Nhs",-0.335647113577831,0.349489416801953
"Glra2",-0.162003496058108,0.344101341162786
